/Users/Luke_MacBook/Downloads/CarND-Behavioral-Cloning-P3/IMG/center_2020_01_07_23_17_55_249.jpg, /Users/Luke_MacBook/Downloads/CarND-Behavioral-Cloning-P3/IMG/left_2020_01_07_23_17_55_249.jpg, /Users/Luke_MacBook/Downloads/CarND-Behavioral-Cloning-P3/IMG/right_2020_01_07_23_17_55_249.jpg, 0, 0, 0, 7.850735E-05
/Users/Luke_MacBook/Downloads/CarND-Behavioral-Cloning-P3/IMG/center_2020_01_07_23_17_55_362.jpg, /Users/Luke_MacBook/Downloads/CarND-Behavioral-Cloning-P3/IMG/left_2020_01_07_23_17_55_362.jpg, /Users/Luke_MacBook/Downloads/CarND-Behavioral-Cloning-P3/IMG/right_2020_01_07_23_17_55_362.jpg, 0, 0, 0, 7.830469E-05
/Users/Luke_MacBook/Downloads/CarND-Behavioral-Cloning-P3/IMG/center_2020_01_07_23_17_55_523.jpg, /Users/Luke_MacBook/Downloads/CarND-Behavioral-Cloning-P3/IMG/left_2020_01_07_23_17_55_523.jpg, /Users/Luke_MacBook/Downloads/CarND-Behavioral-Cloning-P3/IMG/right_2020_01_07_23_17_55_523.jpg, 0, 0, 0, 7.824622E-05
/Users/Luke_MacBook/Downloads/CarND-Behavioral-Cloning-P3/IMG/center_2020_01_07_23_17_55_626.jpg, /Users/Luke_MacBook/Downloads/CarND-Behavioral-Cloning-P3/IMG/left_2020_01_07_23_17_55_626.jpg, /Users/Luke_MacBook/Downloads/CarND-Behavioral-Cloning-P3/IMG/right_2020_01_07_23_17_55_626.jpg, 0, 0, 0, 7.917012E-05
/Users/Luke_MacBook/Downloads/CarND-Behavioral-Cloning-P3/IMG/center_2020_01_07_23_17_55_733.jpg, /Users/Luke_MacBook/Downloads/CarND-Behavioral-Cloning-P3/IMG/left_2020_01_07_23_17_55_733.jpg, /Users/Luke_MacBook/Downloads/CarND-Behavioral-Cloning-P3/IMG/right_2020_01_07_23_17_55_733.jpg, 0, 0, 0, 8.208454E-05
/Users/Luke_MacBook/Downloads/CarND-Behavioral-Cloning-P3/IMG/center_2020_01_07_23_17_55_836.jpg, /Users/Luke_MacBook/Downloads/CarND-Behavioral-Cloning-P3/IMG/left_2020_01_07_23_17_55_836.jpg, /Users/Luke_MacBook/Downloads/CarND-Behavioral-Cloning-P3/IMG/right_2020_01_07_23_17_55_836.jpg, 0, 0.3050312, 0, 0.372558
/Users/Luke_MacBook/Downloads/CarND-Behavioral-Cloning-P3/IMG/center_2020_01_07_23_17_55_982.jpg, /Users/Luke_MacBook/Downloads/CarND-Behavioral-Cloning-P3/IMG/left_2020_01_07_23_17_55_982.jpg, /Users/Luke_MacBook/Downloads/CarND-Behavioral-Cloning-P3/IMG/right_2020_01_07_23_17_55_982.jpg, 0, 0.7080002, 0, 1.329824
/Users/Luke_MacBook/Downloads/CarND-Behavioral-Cloning-P3/IMG/center_2020_01_07_23_17_56_131.jpg, /Users/Luke_MacBook/Downloads/CarND-Behavioral-Cloning-P3/IMG/left_2020_01_07_23_17_56_131.jpg, /Users/Luke_MacBook/Downloads/CarND-Behavioral-Cloning-P3/IMG/right_2020_01_07_23_17_56_131.jpg, 0, 1, 0, 3.160494
/Users/Luke_MacBook/Downloads/CarND-Behavioral-Cloning-P3/IMG/center_2020_01_07_23_17_56_250.jpg, /Users/Luke_MacBook/Downloads/CarND-Behavioral-Cloning-P3/IMG/left_2020_01_07_23_17_56_250.jpg, /Users/Luke_MacBook/Downloads/CarND-Behavioral-Cloning-P3/IMG/right_2020_01_07_23_17_56_250.jpg, 0, 1, 0, 4.566004
/Users/Luke_MacBook/Downloads/CarND-Behavioral-Cloning-P3/IMG/center_2020_01_07_23_17_56_355.jpg, /Users/Luke_MacBook/Downloads/CarND-Behavioral-Cloning-P3/IMG/left_2020_01_07_23_17_56_355.jpg, /Users/Luke_MacBook/Downloads/CarND-Behavioral-Cloning-P3/IMG/right_2020_01_07_23_17_56_355.jpg, 0, 1, 0, 5.956889
/Users/Luke_MacBook/Downloads/CarND-Behavioral-Cloning-P3/IMG/center_2020_01_07_23_17_56_460.jpg, /Users/Luke_MacBook/Downloads/CarND-Behavioral-Cloning-P3/IMG/left_2020_01_07_23_17_56_460.jpg, /Users/Luke_MacBook/Downloads/CarND-Behavioral-Cloning-P3/IMG/right_2020_01_07_23_17_56_460.jpg, 0, 1, 0, 7.103681
/Users/Luke_MacBook/Downloads/CarND-Behavioral-Cloning-P3/IMG/center_2020_01_07_23_17_56_617.jpg, /Users/Luke_MacBook/Downloads/CarND-Behavioral-Cloning-P3/IMG/left_2020_01_07_23_17_56_617.jpg, /Users/Luke_MacBook/Downloads/CarND-Behavioral-Cloning-P3/IMG/right_2020_01_07_23_17_56_617.jpg, 0, 0.532129, 0, 8.260775
/Users/Luke_MacBook/Downloads/CarND-Behavioral-Cloning-P3/IMG/center_2020_01_07_23_18_00_562.jpg, /Users/Luke_MacBook/Downloads/CarND-Behavioral-Cloning-P3/IMG/left_2020_01_07_23_18_00_562.jpg, /Users/Luke_MacBook/Downloads/CarND-Behavioral-Cloning-P3/IMG/right_2020_01_07_23_18_00_562.jpg, -0.357753, 0, 0, 11.90176
/Users/Luke_MacBook/Downloads/CarND-Behavioral-Cloning-P3/IMG/center_2020_01_07_23_18_00_693.jpg, /Users/Luke_MacBook/Downloads/CarND-Behavioral-Cloning-P3/IMG/left_2020_01_07_23_18_00_693.jpg, /Users/Luke_MacBook/Downloads/CarND-Behavioral-Cloning-P3/IMG/right_2020_01_07_23_18_00_693.jpg, -0.7634279, 0, 0, 11.49975
/Users/Luke_MacBook/Downloads/CarND-Behavioral-Cloning-P3/IMG/center_2020_01_07_23_18_00_798.jpg, /Users/Luke_MacBook/Downloads/CarND-Behavioral-Cloning-P3/IMG/left_2020_01_07_23_18_00_798.jpg, /Users/Luke_MacBook/Downloads/CarND-Behavioral-Cloning-P3/IMG/right_2020_01_07_23_18_00_798.jpg, -1, 0, 0, 11.11554
/Users/Luke_MacBook/Downloads/CarND-Behavioral-Cloning-P3/IMG/center_2020_01_07_23_18_00_896.jpg, /Users/Luke_MacBook/Downloads/CarND-Behavioral-Cloning-P3/IMG/left_2020_01_07_23_18_00_896.jpg, /Users/Luke_MacBook/Downloads/CarND-Behavioral-Cloning-P3/IMG/right_2020_01_07_23_18_00_896.jpg, -1, 0, 0, 10.89385
/Users/Luke_MacBook/Downloads/CarND-Behavioral-Cloning-P3/IMG/center_2020_01_07_23_18_01_093.jpg, /Users/Luke_MacBook/Downloads/CarND-Behavioral-Cloning-P3/IMG/left_2020_01_07_23_18_01_093.jpg, /Users/Luke_MacBook/Downloads/CarND-Behavioral-Cloning-P3/IMG/right_2020_01_07_23_18_01_093.jpg, -0.407932, 0, 0, 10.71959
/Users/Luke_MacBook/Downloads/CarND-Behavioral-Cloning-P3/IMG/center_2020_01_07_23_18_01_215.jpg, /Users/Luke_MacBook/Downloads/CarND-Behavioral-Cloning-P3/IMG/left_2020_01_07_23_18_01_215.jpg, /Users/Luke_MacBook/Downloads/CarND-Behavioral-Cloning-P3/IMG/right_2020_01_07_23_18_01_215.jpg, -0.04244494, 0, 0, 10.53521
/Users/Luke_MacBook/Downloads/CarND-Behavioral-Cloning-P3/IMG/center_2020_01_07_23_18_01_388.jpg, /Users/Luke_MacBook/Downloads/CarND-Behavioral-Cloning-P3/IMG/left_2020_01_07_23_18_01_388.jpg, /Users/Luke_MacBook/Downloads/CarND-Behavioral-Cloning-P3/IMG/right_2020_01_07_23_18_01_388.jpg, 0, 0, 0, 10.36803
/Users/Luke_MacBook/Downloads/CarND-Behavioral-Cloning-P3/IMG/center_2020_01_07_23_18_01_563.jpg, /Users/Luke_MacBook/Downloads/CarND-Behavioral-Cloning-P3/IMG/left_2020_01_07_23_18_01_563.jpg, /Users/Luke_MacBook/Downloads/CarND-Behavioral-Cloning-P3/IMG/right_2020_01_07_23_18_01_563.jpg, 0, 0, 0, 10.18652
/Users/Luke_MacBook/Downloads/CarND-Behavioral-Cloning-P3/IMG/center_2020_01_07_23_18_01_730.jpg, /Users/Luke_MacBook/Downloads/CarND-Behavioral-Cloning-P3/IMG/left_2020_01_07_23_18_01_730.jpg, /Users/Luke_MacBook/Downloads/CarND-Behavioral-Cloning-P3/IMG/right_2020_01_07_23_18_01_730.jpg, 0, 0, 0, 10.02799
/Users/Luke_MacBook/Downloads/CarND-Behavioral-Cloning-P3/IMG/center_2020_01_07_23_18_04_965.jpg, /Users/Luke_MacBook/Downloads/CarND-Behavioral-Cloning-P3/IMG/left_2020_01_07_23_18_04_965.jpg, /Users/Luke_MacBook/Downloads/CarND-Behavioral-Cloning-P3/IMG/right_2020_01_07_23_18_04_965.jpg, 0, 0, 0, 11.9242
/Users/Luke_MacBook/Downloads/CarND-Behavioral-Cloning-P3/IMG/center_2020_01_07_23_18_05_100.jpg, /Users/Luke_MacBook/Downloads/CarND-Behavioral-Cloning-P3/IMG/left_2020_01_07_23_18_05_100.jpg, /Users/Luke_MacBook/Downloads/CarND-Behavioral-Cloning-P3/IMG/right_2020_01_07_23_18_05_100.jpg, 0, 0, 0, 11.78124
/Users/Luke_MacBook/Downloads/CarND-Behavioral-Cloning-P3/IMG/center_2020_01_07_23_18_05_214.jpg, /Users/Luke_MacBook/Downloads/CarND-Behavioral-Cloning-P3/IMG/left_2020_01_07_23_18_05_214.jpg, /Users/Luke_MacBook/Downloads/CarND-Behavioral-Cloning-P3/IMG/right_2020_01_07_23_18_05_214.jpg, 0, 0, 0, 11.61233
/Users/Luke_MacBook/Downloads/CarND-Behavioral-Cloning-P3/IMG/center_2020_01_07_23_18_05_312.jpg, /Users/Luke_MacBook/Downloads/CarND-Behavioral-Cloning-P3/IMG/left_2020_01_07_23_18_05_312.jpg, /Users/Luke_MacBook/Downloads/CarND-Behavioral-Cloning-P3/IMG/right_2020_01_07_23_18_05_312.jpg, 0.325407, 0, 0, 11.69
/Users/Luke_MacBook/Downloads/CarND-Behavioral-Cloning-P3/IMG/center_2020_01_07_23_18_05_430.jpg, /Users/Luke_MacBook/Downloads/CarND-Behavioral-Cloning-P3/IMG/left_2020_01_07_23_18_05_430.jpg, /Users/Luke_MacBook/Downloads/CarND-Behavioral-Cloning-P3/IMG/right_2020_01_07_23_18_05_430.jpg, 0.659385, 0, 0, 11.29188
/Users/Luke_MacBook/Downloads/CarND-Behavioral-Cloning-P3/IMG/center_2020_01_07_23_18_05_499.jpg, /Users/Luke_MacBook/Downloads/CarND-Behavioral-Cloning-P3/IMG/left_2020_01_07_23_18_05_499.jpg, /Users/Luke_MacBook/Downloads/CarND-Behavioral-Cloning-P3/IMG/right_2020_01_07_23_18_05_499.jpg, 0.973173, 0, 0, 10.97259
/Users/Luke_MacBook/Downloads/CarND-Behavioral-Cloning-P3/IMG/center_2020_01_07_23_18_05_601.jpg, /Users/Luke_MacBook/Downloads/CarND-Behavioral-Cloning-P3/IMG/left_2020_01_07_23_18_05_601.jpg, /Users/Luke_MacBook/Downloads/CarND-Behavioral-Cloning-P3/IMG/right_2020_01_07_23_18_05_601.jpg, 1, 0, 0, 10.79138
/Users/Luke_MacBook/Downloads/CarND-Behavioral-Cloning-P3/IMG/center_2020_01_07_23_18_05_772.jpg, /Users/Luke_MacBook/Downloads/CarND-Behavioral-Cloning-P3/IMG/left_2020_01_07_23_18_05_772.jpg, /Users/Luke_MacBook/Downloads/CarND-Behavioral-Cloning-P3/IMG/right_2020_01_07_23_18_05_772.jpg, 0.4884731, 0, 0, 10.68012
/Users/Luke_MacBook/Downloads/CarND-Behavioral-Cloning-P3/IMG/center_2020_01_07_23_18_05_902.jpg, /Users/Luke_MacBook/Downloads/CarND-Behavioral-Cloning-P3/IMG/left_2020_01_07_23_18_05_902.jpg, /Users/Luke_MacBook/Downloads/CarND-Behavioral-Cloning-P3/IMG/right_2020_01_07_23_18_05_902.jpg, 0.1014071, 0, 0, 10.51721
/Users/Luke_MacBook/Downloads/CarND-Behavioral-Cloning-P3/IMG/center_2020_01_07_23_18_06_015.jpg, /Users/Luke_MacBook/Downloads/CarND-Behavioral-Cloning-P3/IMG/left_2020_01_07_23_18_06_015.jpg, /Users/Luke_MacBook/Downloads/CarND-Behavioral-Cloning-P3/IMG/right_2020_01_07_23_18_06_015.jpg, 0, 0, 0, 10.38661
/Users/Luke_MacBook/Downloads/CarND-Behavioral-Cloning-P3/IMG/center_2020_01_07_23_18_06_145.jpg, /Users/Luke_MacBook/Downloads/CarND-Behavioral-Cloning-P3/IMG/left_2020_01_07_23_18_06_145.jpg, /Users/Luke_MacBook/Downloads/CarND-Behavioral-Cloning-P3/IMG/right_2020_01_07_23_18_06_145.jpg, 0, 0, 0, 10.26555
/Users/Luke_MacBook/Downloads/CarND-Behavioral-Cloning-P3/IMG/center_2020_01_07_23_18_06_253.jpg, /Users/Luke_MacBook/Downloads/CarND-Behavioral-Cloning-P3/IMG/left_2020_01_07_23_18_06_253.jpg, /Users/Luke_MacBook/Downloads/CarND-Behavioral-Cloning-P3/IMG/right_2020_01_07_23_18_06_253.jpg, 0, 0, 0, 10.14629
/Users/Luke_MacBook/Downloads/CarND-Behavioral-Cloning-P3/IMG/center_2020_01_07_23_18_06_369.jpg, /Users/Luke_MacBook/Downloads/CarND-Behavioral-Cloning-P3/IMG/left_2020_01_07_23_18_06_369.jpg, /Users/Luke_MacBook/Downloads/CarND-Behavioral-Cloning-P3/IMG/right_2020_01_07_23_18_06_369.jpg, 0, 0, 0, 10.04807
/Users/Luke_MacBook/Downloads/CarND-Behavioral-Cloning-P3/IMG/center_2020_01_07_23_18_06_494.jpg, /Users/Luke_MacBook/Downloads/CarND-Behavioral-Cloning-P3/IMG/left_2020_01_07_23_18_06_494.jpg, /Users/Luke_MacBook/Downloads/CarND-Behavioral-Cloning-P3/IMG/right_2020_01_07_23_18_06_494.jpg, 0, 0, 0, 9.912218
/Users/Luke_MacBook/Downloads/CarND-Behavioral-Cloning-P3/IMG/center_2020_01_07_23_18_06_608.jpg, /Users/Luke_MacBook/Downloads/CarND-Behavioral-Cloning-P3/IMG/left_2020_01_07_23_18_06_608.jpg, /Users/Luke_MacBook/Downloads/CarND-Behavioral-Cloning-P3/IMG/right_2020_01_07_23_18_06_608.jpg, 0, 0, 0, 9.81635
/Users/Luke_MacBook/Downloads/CarND-Behavioral-Cloning-P3/IMG/center_2020_01_07_23_18_06_734.jpg, /Users/Luke_MacBook/Downloads/CarND-Behavioral-Cloning-P3/IMG/left_2020_01_07_23_18_06_734.jpg, /Users/Luke_MacBook/Downloads/CarND-Behavioral-Cloning-P3/IMG/right_2020_01_07_23_18_06_734.jpg, 0, 0, 0, 9.68174
/Users/Luke_MacBook/Downloads/CarND-Behavioral-Cloning-P3/IMG/center_2020_01_07_23_18_06_852.jpg, /Users/Luke_MacBook/Downloads/CarND-Behavioral-Cloning-P3/IMG/left_2020_01_07_23_18_06_852.jpg, /Users/Luke_MacBook/Downloads/CarND-Behavioral-Cloning-P3/IMG/right_2020_01_07_23_18_06_852.jpg, 0, 0, 0, 9.568335
/Users/Luke_MacBook/Downloads/CarND-Behavioral-Cloning-P3/IMG/center_2020_01_07_23_18_07_012.jpg, /Users/Luke_MacBook/Downloads/CarND-Behavioral-Cloning-P3/IMG/left_2020_01_07_23_18_07_012.jpg, /Users/Luke_MacBook/Downloads/CarND-Behavioral-Cloning-P3/IMG/right_2020_01_07_23_18_07_012.jpg, 0, 0, 0, 9.420829
/Users/Luke_MacBook/Downloads/CarND-Behavioral-Cloning-P3/IMG/center_2020_01_07_23_18_12_264.jpg, /Users/Luke_MacBook/Downloads/CarND-Behavioral-Cloning-P3/IMG/left_2020_01_07_23_18_12_264.jpg, /Users/Luke_MacBook/Downloads/CarND-Behavioral-Cloning-P3/IMG/right_2020_01_07_23_18_12_264.jpg, 0, 0, 0, 9.680253
/Users/Luke_MacBook/Downloads/CarND-Behavioral-Cloning-P3/IMG/center_2020_01_07_23_18_12_378.jpg, /Users/Luke_MacBook/Downloads/CarND-Behavioral-Cloning-P3/IMG/left_2020_01_07_23_18_12_378.jpg, /Users/Luke_MacBook/Downloads/CarND-Behavioral-Cloning-P3/IMG/right_2020_01_07_23_18_12_378.jpg, 0, 0, 0, 9.563746
/Users/Luke_MacBook/Downloads/CarND-Behavioral-Cloning-P3/IMG/center_2020_01_07_23_18_12_488.jpg, /Users/Luke_MacBook/Downloads/CarND-Behavioral-Cloning-P3/IMG/left_2020_01_07_23_18_12_488.jpg, /Users/Luke_MacBook/Downloads/CarND-Behavioral-Cloning-P3/IMG/right_2020_01_07_23_18_12_488.jpg, -0.332958, 0, 0, 9.400875
/Users/Luke_MacBook/Downloads/CarND-Behavioral-Cloning-P3/IMG/center_2020_01_07_23_18_12_606.jpg, /Users/Luke_MacBook/Downloads/CarND-Behavioral-Cloning-P3/IMG/left_2020_01_07_23_18_12_606.jpg, /Users/Luke_MacBook/Downloads/CarND-Behavioral-Cloning-P3/IMG/right_2020_01_07_23_18_12_606.jpg, -0.6856592, 0, 0, 9.128426
/Users/Luke_MacBook/Downloads/CarND-Behavioral-Cloning-P3/IMG/center_2020_01_07_23_18_12_718.jpg, /Users/Luke_MacBook/Downloads/CarND-Behavioral-Cloning-P3/IMG/left_2020_01_07_23_18_12_718.jpg, /Users/Luke_MacBook/Downloads/CarND-Behavioral-Cloning-P3/IMG/right_2020_01_07_23_18_12_718.jpg, -1, 0, 0, 8.818756
/Users/Luke_MacBook/Downloads/CarND-Behavioral-Cloning-P3/IMG/center_2020_01_07_23_18_12_848.jpg, /Users/Luke_MacBook/Downloads/CarND-Behavioral-Cloning-P3/IMG/left_2020_01_07_23_18_12_848.jpg, /Users/Luke_MacBook/Downloads/CarND-Behavioral-Cloning-P3/IMG/right_2020_01_07_23_18_12_848.jpg, -1, 0, 0, 8.65493
/Users/Luke_MacBook/Downloads/CarND-Behavioral-Cloning-P3/IMG/center_2020_01_07_23_18_13_002.jpg, /Users/Luke_MacBook/Downloads/CarND-Behavioral-Cloning-P3/IMG/left_2020_01_07_23_18_13_002.jpg, /Users/Luke_MacBook/Downloads/CarND-Behavioral-Cloning-P3/IMG/right_2020_01_07_23_18_13_002.jpg, -1, 0, 0, 8.466833
/Users/Luke_MacBook/Downloads/CarND-Behavioral-Cloning-P3/IMG/center_2020_01_07_23_18_13_135.jpg, /Users/Luke_MacBook/Downloads/CarND-Behavioral-Cloning-P3/IMG/left_2020_01_07_23_18_13_135.jpg, /Users/Luke_MacBook/Downloads/CarND-Behavioral-Cloning-P3/IMG/right_2020_01_07_23_18_13_135.jpg, -1, 0, 0, 8.317274
/Users/Luke_MacBook/Downloads/CarND-Behavioral-Cloning-P3/IMG/center_2020_01_07_23_18_13_274.jpg, /Users/Luke_MacBook/Downloads/CarND-Behavioral-Cloning-P3/IMG/left_2020_01_07_23_18_13_274.jpg, /Users/Luke_MacBook/Downloads/CarND-Behavioral-Cloning-P3/IMG/right_2020_01_07_23_18_13_274.jpg, -0.5879798, 0, 0, 8.246714
/Users/Luke_MacBook/Downloads/CarND-Behavioral-Cloning-P3/IMG/center_2020_01_07_23_18_13_417.jpg, /Users/Luke_MacBook/Downloads/CarND-Behavioral-Cloning-P3/IMG/left_2020_01_07_23_18_13_417.jpg, /Users/Luke_MacBook/Downloads/CarND-Behavioral-Cloning-P3/IMG/right_2020_01_07_23_18_13_417.jpg, -0.155146, 0, 0, 8.113516
/Users/Luke_MacBook/Downloads/CarND-Behavioral-Cloning-P3/IMG/center_2020_01_07_23_18_13_554.jpg, /Users/Luke_MacBook/Downloads/CarND-Behavioral-Cloning-P3/IMG/left_2020_01_07_23_18_13_554.jpg, /Users/Luke_MacBook/Downloads/CarND-Behavioral-Cloning-P3/IMG/right_2020_01_07_23_18_13_554.jpg, 0, 0, 0, 7.99615
/Users/Luke_MacBook/Downloads/CarND-Behavioral-Cloning-P3/IMG/center_2020_01_07_23_18_13_687.jpg, /Users/Luke_MacBook/Downloads/CarND-Behavioral-Cloning-P3/IMG/left_2020_01_07_23_18_13_687.jpg, /Users/Luke_MacBook/Downloads/CarND-Behavioral-Cloning-P3/IMG/right_2020_01_07_23_18_13_687.jpg, 0, 0, 0, 7.904396
/Users/Luke_MacBook/Downloads/CarND-Behavioral-Cloning-P3/IMG/center_2020_01_07_23_18_13_845.jpg, /Users/Luke_MacBook/Downloads/CarND-Behavioral-Cloning-P3/IMG/left_2020_01_07_23_18_13_845.jpg, /Users/Luke_MacBook/Downloads/CarND-Behavioral-Cloning-P3/IMG/right_2020_01_07_23_18_13_845.jpg, 0, 0, 0, 7.783978
/Users/Luke_MacBook/Downloads/CarND-Behavioral-Cloning-P3/IMG/center_2020_01_07_23_18_14_018.jpg, /Users/Luke_MacBook/Downloads/CarND-Behavioral-Cloning-P3/IMG/left_2020_01_07_23_18_14_018.jpg, /Users/Luke_MacBook/Downloads/CarND-Behavioral-Cloning-P3/IMG/right_2020_01_07_23_18_14_018.jpg, 0, 0, 0, 7.650825
/Users/Luke_MacBook/Downloads/CarND-Behavioral-Cloning-P3/IMG/center_2020_01_07_23_18_14_222.jpg, /Users/Luke_MacBook/Downloads/CarND-Behavioral-Cloning-P3/IMG/left_2020_01_07_23_18_14_222.jpg, /Users/Luke_MacBook/Downloads/CarND-Behavioral-Cloning-P3/IMG/right_2020_01_07_23_18_14_222.jpg, 0, 0, 0, 7.505688
/Users/Luke_MacBook/Downloads/CarND-Behavioral-Cloning-P3/IMG/center_2020_01_07_23_18_14_362.jpg, /Users/Luke_MacBook/Downloads/CarND-Behavioral-Cloning-P3/IMG/left_2020_01_07_23_18_14_362.jpg, /Users/Luke_MacBook/Downloads/CarND-Behavioral-Cloning-P3/IMG/right_2020_01_07_23_18_14_362.jpg, 0, 0, 0, 7.405822
/Users/Luke_MacBook/Downloads/CarND-Behavioral-Cloning-P3/IMG/center_2020_01_07_23_18_17_604.jpg, /Users/Luke_MacBook/Downloads/CarND-Behavioral-Cloning-P3/IMG/left_2020_01_07_23_18_17_604.jpg, /Users/Luke_MacBook/Downloads/CarND-Behavioral-Cloning-P3/IMG/right_2020_01_07_23_18_17_604.jpg, 0, 0, 0, 7.991348
/Users/Luke_MacBook/Downloads/CarND-Behavioral-Cloning-P3/IMG/center_2020_01_07_23_18_17_766.jpg, /Users/Luke_MacBook/Downloads/CarND-Behavioral-Cloning-P3/IMG/left_2020_01_07_23_18_17_766.jpg, /Users/Luke_MacBook/Downloads/CarND-Behavioral-Cloning-P3/IMG/right_2020_01_07_23_18_17_766.jpg, 0, 0, 0, 7.856922
/Users/Luke_MacBook/Downloads/CarND-Behavioral-Cloning-P3/IMG/center_2020_01_07_23_18_17_989.jpg, /Users/Luke_MacBook/Downloads/CarND-Behavioral-Cloning-P3/IMG/left_2020_01_07_23_18_17_989.jpg, /Users/Luke_MacBook/Downloads/CarND-Behavioral-Cloning-P3/IMG/right_2020_01_07_23_18_17_989.jpg, 0.678708, 0, 0, 7.420124
/Users/Luke_MacBook/Downloads/CarND-Behavioral-Cloning-P3/IMG/center_2020_01_07_23_18_18_200.jpg, /Users/Luke_MacBook/Downloads/CarND-Behavioral-Cloning-P3/IMG/left_2020_01_07_23_18_18_200.jpg, /Users/Luke_MacBook/Downloads/CarND-Behavioral-Cloning-P3/IMG/right_2020_01_07_23_18_18_200.jpg, 1, 0, 0, 7.100637
/Users/Luke_MacBook/Downloads/CarND-Behavioral-Cloning-P3/IMG/center_2020_01_07_23_18_18_319.jpg, /Users/Luke_MacBook/Downloads/CarND-Behavioral-Cloning-P3/IMG/left_2020_01_07_23_18_18_319.jpg, /Users/Luke_MacBook/Downloads/CarND-Behavioral-Cloning-P3/IMG/right_2020_01_07_23_18_18_319.jpg, 1, 0, 0, 6.971954
/Users/Luke_MacBook/Downloads/CarND-Behavioral-Cloning-P3/IMG/center_2020_01_07_23_18_18_473.jpg, /Users/Luke_MacBook/Downloads/CarND-Behavioral-Cloning-P3/IMG/left_2020_01_07_23_18_18_473.jpg, /Users/Luke_MacBook/Downloads/CarND-Behavioral-Cloning-P3/IMG/right_2020_01_07_23_18_18_473.jpg, 0.5416752, 0, 0, 6.892319
/Users/Luke_MacBook/Downloads/CarND-Behavioral-Cloning-P3/IMG/center_2020_01_07_23_18_18_585.jpg, /Users/Luke_MacBook/Downloads/CarND-Behavioral-Cloning-P3/IMG/left_2020_01_07_23_18_18_585.jpg, /Users/Luke_MacBook/Downloads/CarND-Behavioral-Cloning-P3/IMG/right_2020_01_07_23_18_18_585.jpg, 0.200215, 0, 0, 6.820968
/Users/Luke_MacBook/Downloads/CarND-Behavioral-Cloning-P3/IMG/center_2020_01_07_23_18_18_723.jpg, /Users/Luke_MacBook/Downloads/CarND-Behavioral-Cloning-P3/IMG/left_2020_01_07_23_18_18_723.jpg, /Users/Luke_MacBook/Downloads/CarND-Behavioral-Cloning-P3/IMG/right_2020_01_07_23_18_18_723.jpg, 0, 0, 0, 6.716358
/Users/Luke_MacBook/Downloads/CarND-Behavioral-Cloning-P3/IMG/center_2020_01_07_23_18_18_825.jpg, /Users/Luke_MacBook/Downloads/CarND-Behavioral-Cloning-P3/IMG/left_2020_01_07_23_18_18_825.jpg, /Users/Luke_MacBook/Downloads/CarND-Behavioral-Cloning-P3/IMG/right_2020_01_07_23_18_18_825.jpg, 0, 0, 0, 6.651221
/Users/Luke_MacBook/Downloads/CarND-Behavioral-Cloning-P3/IMG/center_2020_01_07_23_18_18_940.jpg, /Users/Luke_MacBook/Downloads/CarND-Behavioral-Cloning-P3/IMG/left_2020_01_07_23_18_18_940.jpg, /Users/Luke_MacBook/Downloads/CarND-Behavioral-Cloning-P3/IMG/right_2020_01_07_23_18_18_940.jpg, 0, 0, 0, 6.574046
/Users/Luke_MacBook/Downloads/CarND-Behavioral-Cloning-P3/IMG/center_2020_01_07_23_18_19_062.jpg, /Users/Luke_MacBook/Downloads/CarND-Behavioral-Cloning-P3/IMG/left_2020_01_07_23_18_19_062.jpg, /Users/Luke_MacBook/Downloads/CarND-Behavioral-Cloning-P3/IMG/right_2020_01_07_23_18_19_062.jpg, 0, 0, 0, 6.497005
/Users/Luke_MacBook/Downloads/CarND-Behavioral-Cloning-P3/IMG/center_2020_01_07_23_18_22_920.jpg, /Users/Luke_MacBook/Downloads/CarND-Behavioral-Cloning-P3/IMG/left_2020_01_07_23_18_22_920.jpg, /Users/Luke_MacBook/Downloads/CarND-Behavioral-Cloning-P3/IMG/right_2020_01_07_23_18_22_920.jpg, 0, 0, 0, 17.29447
/Users/Luke_MacBook/Downloads/CarND-Behavioral-Cloning-P3/IMG/center_2020_01_07_23_18_23_053.jpg, /Users/Luke_MacBook/Downloads/CarND-Behavioral-Cloning-P3/IMG/left_2020_01_07_23_18_23_053.jpg, /Users/Luke_MacBook/Downloads/CarND-Behavioral-Cloning-P3/IMG/right_2020_01_07_23_18_23_053.jpg, 0, 0, 0, 17.57626
/Users/Luke_MacBook/Downloads/CarND-Behavioral-Cloning-P3/IMG/center_2020_01_07_23_18_23_176.jpg, /Users/Luke_MacBook/Downloads/CarND-Behavioral-Cloning-P3/IMG/left_2020_01_07_23_18_23_176.jpg, /Users/Luke_MacBook/Downloads/CarND-Behavioral-Cloning-P3/IMG/right_2020_01_07_23_18_23_176.jpg, 0, 0, 0, 17.36937
/Users/Luke_MacBook/Downloads/CarND-Behavioral-Cloning-P3/IMG/center_2020_01_07_23_18_23_312.jpg, /Users/Luke_MacBook/Downloads/CarND-Behavioral-Cloning-P3/IMG/left_2020_01_07_23_18_23_312.jpg, /Users/Luke_MacBook/Downloads/CarND-Behavioral-Cloning-P3/IMG/right_2020_01_07_23_18_23_312.jpg, 0, 0, 0, 16.58756
/Users/Luke_MacBook/Downloads/CarND-Behavioral-Cloning-P3/IMG/center_2020_01_07_23_18_23_443.jpg, /Users/Luke_MacBook/Downloads/CarND-Behavioral-Cloning-P3/IMG/left_2020_01_07_23_18_23_443.jpg, /Users/Luke_MacBook/Downloads/CarND-Behavioral-Cloning-P3/IMG/right_2020_01_07_23_18_23_443.jpg, 0, 0, 0, 16.38389
/Users/Luke_MacBook/Downloads/CarND-Behavioral-Cloning-P3/IMG/center_2020_01_07_23_18_23_607.jpg, /Users/Luke_MacBook/Downloads/CarND-Behavioral-Cloning-P3/IMG/left_2020_01_07_23_18_23_607.jpg, /Users/Luke_MacBook/Downloads/CarND-Behavioral-Cloning-P3/IMG/right_2020_01_07_23_18_23_607.jpg, 0, 0, 0, 16.18155
/Users/Luke_MacBook/Downloads/CarND-Behavioral-Cloning-P3/IMG/center_2020_01_07_23_18_23_737.jpg, /Users/Luke_MacBook/Downloads/CarND-Behavioral-Cloning-P3/IMG/left_2020_01_07_23_18_23_737.jpg, /Users/Luke_MacBook/Downloads/CarND-Behavioral-Cloning-P3/IMG/right_2020_01_07_23_18_23_737.jpg, 0.3922588, 0, 0, 15.86997
/Users/Luke_MacBook/Downloads/CarND-Behavioral-Cloning-P3/IMG/center_2020_01_07_23_18_23_861.jpg, /Users/Luke_MacBook/Downloads/CarND-Behavioral-Cloning-P3/IMG/left_2020_01_07_23_18_23_861.jpg, /Users/Luke_MacBook/Downloads/CarND-Behavioral-Cloning-P3/IMG/right_2020_01_07_23_18_23_861.jpg, 0.02050745, 0, 0, 16.15597
/Users/Luke_MacBook/Downloads/CarND-Behavioral-Cloning-P3/IMG/center_2020_01_07_23_18_23_989.jpg, /Users/Luke_MacBook/Downloads/CarND-Behavioral-Cloning-P3/IMG/left_2020_01_07_23_18_23_989.jpg, /Users/Luke_MacBook/Downloads/CarND-Behavioral-Cloning-P3/IMG/right_2020_01_07_23_18_23_989.jpg, 0, 0, 0, 15.96718
/Users/Luke_MacBook/Downloads/CarND-Behavioral-Cloning-P3/IMG/center_2020_01_07_23_18_24_108.jpg, /Users/Luke_MacBook/Downloads/CarND-Behavioral-Cloning-P3/IMG/left_2020_01_07_23_18_24_108.jpg, /Users/Luke_MacBook/Downloads/CarND-Behavioral-Cloning-P3/IMG/right_2020_01_07_23_18_24_108.jpg, -0.3705868, 0, 0, 15.06017
/Users/Luke_MacBook/Downloads/CarND-Behavioral-Cloning-P3/IMG/center_2020_01_07_23_18_24_235.jpg, /Users/Luke_MacBook/Downloads/CarND-Behavioral-Cloning-P3/IMG/left_2020_01_07_23_18_24_235.jpg, /Users/Luke_MacBook/Downloads/CarND-Behavioral-Cloning-P3/IMG/right_2020_01_07_23_18_24_235.jpg, -0.7138922, 0, 0, 15.21599
/Users/Luke_MacBook/Downloads/CarND-Behavioral-Cloning-P3/IMG/center_2020_01_07_23_18_24_351.jpg, /Users/Luke_MacBook/Downloads/CarND-Behavioral-Cloning-P3/IMG/left_2020_01_07_23_18_24_351.jpg, /Users/Luke_MacBook/Downloads/CarND-Behavioral-Cloning-P3/IMG/right_2020_01_07_23_18_24_351.jpg, -1, 0, 0, 14.19304
/Users/Luke_MacBook/Downloads/CarND-Behavioral-Cloning-P3/IMG/center_2020_01_07_23_18_24_483.jpg, /Users/Luke_MacBook/Downloads/CarND-Behavioral-Cloning-P3/IMG/left_2020_01_07_23_18_24_483.jpg, /Users/Luke_MacBook/Downloads/CarND-Behavioral-Cloning-P3/IMG/right_2020_01_07_23_18_24_483.jpg, -1, 0, 0, 13.86809
/Users/Luke_MacBook/Downloads/CarND-Behavioral-Cloning-P3/IMG/center_2020_01_07_23_18_24_611.jpg, /Users/Luke_MacBook/Downloads/CarND-Behavioral-Cloning-P3/IMG/left_2020_01_07_23_18_24_611.jpg, /Users/Luke_MacBook/Downloads/CarND-Behavioral-Cloning-P3/IMG/right_2020_01_07_23_18_24_611.jpg, -0.610864, 0, 0, 13.76882
/Users/Luke_MacBook/Downloads/CarND-Behavioral-Cloning-P3/IMG/center_2020_01_07_23_18_24_777.jpg, /Users/Luke_MacBook/Downloads/CarND-Behavioral-Cloning-P3/IMG/left_2020_01_07_23_18_24_777.jpg, /Users/Luke_MacBook/Downloads/CarND-Behavioral-Cloning-P3/IMG/right_2020_01_07_23_18_24_777.jpg, -0.126289, 0, 0, 13.54866
/Users/Luke_MacBook/Downloads/CarND-Behavioral-Cloning-P3/IMG/center_2020_01_07_23_18_24_904.jpg, /Users/Luke_MacBook/Downloads/CarND-Behavioral-Cloning-P3/IMG/left_2020_01_07_23_18_24_904.jpg, /Users/Luke_MacBook/Downloads/CarND-Behavioral-Cloning-P3/IMG/right_2020_01_07_23_18_24_904.jpg, 0, 0, 0, 13.84031
/Users/Luke_MacBook/Downloads/CarND-Behavioral-Cloning-P3/IMG/center_2020_01_07_23_18_25_014.jpg, /Users/Luke_MacBook/Downloads/CarND-Behavioral-Cloning-P3/IMG/left_2020_01_07_23_18_25_014.jpg, /Users/Luke_MacBook/Downloads/CarND-Behavioral-Cloning-P3/IMG/right_2020_01_07_23_18_25_014.jpg, 0.3321297, 0, 0, 13.56054
/Users/Luke_MacBook/Downloads/CarND-Behavioral-Cloning-P3/IMG/center_2020_01_07_23_18_25_135.jpg, /Users/Luke_MacBook/Downloads/CarND-Behavioral-Cloning-P3/IMG/left_2020_01_07_23_18_25_135.jpg, /Users/Luke_MacBook/Downloads/CarND-Behavioral-Cloning-P3/IMG/right_2020_01_07_23_18_25_135.jpg, 0, 0, 0, 13.38771
/Users/Luke_MacBook/Downloads/CarND-Behavioral-Cloning-P3/IMG/center_2020_01_07_23_18_25_258.jpg, /Users/Luke_MacBook/Downloads/CarND-Behavioral-Cloning-P3/IMG/left_2020_01_07_23_18_25_258.jpg, /Users/Luke_MacBook/Downloads/CarND-Behavioral-Cloning-P3/IMG/right_2020_01_07_23_18_25_258.jpg, 0, 0, 0, 12.72643
/Users/Luke_MacBook/Downloads/CarND-Behavioral-Cloning-P3/IMG/center_2020_01_07_23_18_27_695.jpg, /Users/Luke_MacBook/Downloads/CarND-Behavioral-Cloning-P3/IMG/left_2020_01_07_23_18_27_695.jpg, /Users/Luke_MacBook/Downloads/CarND-Behavioral-Cloning-P3/IMG/right_2020_01_07_23_18_27_695.jpg, 0, 0, 0, 14.10276
/Users/Luke_MacBook/Downloads/CarND-Behavioral-Cloning-P3/IMG/center_2020_01_07_23_18_27_803.jpg, /Users/Luke_MacBook/Downloads/CarND-Behavioral-Cloning-P3/IMG/left_2020_01_07_23_18_27_803.jpg, /Users/Luke_MacBook/Downloads/CarND-Behavioral-Cloning-P3/IMG/right_2020_01_07_23_18_27_803.jpg, 0, 0, 0, 13.41008
/Users/Luke_MacBook/Downloads/CarND-Behavioral-Cloning-P3/IMG/center_2020_01_07_23_18_27_927.jpg, /Users/Luke_MacBook/Downloads/CarND-Behavioral-Cloning-P3/IMG/left_2020_01_07_23_18_27_927.jpg, /Users/Luke_MacBook/Downloads/CarND-Behavioral-Cloning-P3/IMG/right_2020_01_07_23_18_27_927.jpg, 0, 0, 0, 13.18881
/Users/Luke_MacBook/Downloads/CarND-Behavioral-Cloning-P3/IMG/center_2020_01_07_23_18_28_039.jpg, /Users/Luke_MacBook/Downloads/CarND-Behavioral-Cloning-P3/IMG/left_2020_01_07_23_18_28_039.jpg, /Users/Luke_MacBook/Downloads/CarND-Behavioral-Cloning-P3/IMG/right_2020_01_07_23_18_28_039.jpg, 0, 0, 0, 13.0904
/Users/Luke_MacBook/Downloads/CarND-Behavioral-Cloning-P3/IMG/center_2020_01_07_23_18_28_156.jpg, /Users/Luke_MacBook/Downloads/CarND-Behavioral-Cloning-P3/IMG/left_2020_01_07_23_18_28_156.jpg, /Users/Luke_MacBook/Downloads/CarND-Behavioral-Cloning-P3/IMG/right_2020_01_07_23_18_28_156.jpg, 0, 0, 0, 13.43232
/Users/Luke_MacBook/Downloads/CarND-Behavioral-Cloning-P3/IMG/center_2020_01_07_23_18_28_280.jpg, /Users/Luke_MacBook/Downloads/CarND-Behavioral-Cloning-P3/IMG/left_2020_01_07_23_18_28_280.jpg, /Users/Luke_MacBook/Downloads/CarND-Behavioral-Cloning-P3/IMG/right_2020_01_07_23_18_28_280.jpg, 0.393381, 0, 0, 12.60083
/Users/Luke_MacBook/Downloads/CarND-Behavioral-Cloning-P3/IMG/center_2020_01_07_23_18_28_391.jpg, /Users/Luke_MacBook/Downloads/CarND-Behavioral-Cloning-P3/IMG/left_2020_01_07_23_18_28_391.jpg, /Users/Luke_MacBook/Downloads/CarND-Behavioral-Cloning-P3/IMG/right_2020_01_07_23_18_28_391.jpg, 0.7271011, 0, 0, 13.02052
/Users/Luke_MacBook/Downloads/CarND-Behavioral-Cloning-P3/IMG/center_2020_01_07_23_18_28_503.jpg, /Users/Luke_MacBook/Downloads/CarND-Behavioral-Cloning-P3/IMG/left_2020_01_07_23_18_28_503.jpg, /Users/Luke_MacBook/Downloads/CarND-Behavioral-Cloning-P3/IMG/right_2020_01_07_23_18_28_503.jpg, 1, 0, 0, 12.32682
/Users/Luke_MacBook/Downloads/CarND-Behavioral-Cloning-P3/IMG/center_2020_01_07_23_18_28_609.jpg, /Users/Luke_MacBook/Downloads/CarND-Behavioral-Cloning-P3/IMG/left_2020_01_07_23_18_28_609.jpg, /Users/Luke_MacBook/Downloads/CarND-Behavioral-Cloning-P3/IMG/right_2020_01_07_23_18_28_609.jpg, 1, 0, 0, 12.07604
/Users/Luke_MacBook/Downloads/CarND-Behavioral-Cloning-P3/IMG/center_2020_01_07_23_18_28_725.jpg, /Users/Luke_MacBook/Downloads/CarND-Behavioral-Cloning-P3/IMG/left_2020_01_07_23_18_28_725.jpg, /Users/Luke_MacBook/Downloads/CarND-Behavioral-Cloning-P3/IMG/right_2020_01_07_23_18_28_725.jpg, 1, 0, 0, 11.98246
/Users/Luke_MacBook/Downloads/CarND-Behavioral-Cloning-P3/IMG/center_2020_01_07_23_18_28_842.jpg, /Users/Luke_MacBook/Downloads/CarND-Behavioral-Cloning-P3/IMG/left_2020_01_07_23_18_28_842.jpg, /Users/Luke_MacBook/Downloads/CarND-Behavioral-Cloning-P3/IMG/right_2020_01_07_23_18_28_842.jpg, 0.64318, 0, 0, 11.86689
/Users/Luke_MacBook/Downloads/CarND-Behavioral-Cloning-P3/IMG/center_2020_01_07_23_18_28_947.jpg, /Users/Luke_MacBook/Downloads/CarND-Behavioral-Cloning-P3/IMG/left_2020_01_07_23_18_28_947.jpg, /Users/Luke_MacBook/Downloads/CarND-Behavioral-Cloning-P3/IMG/right_2020_01_07_23_18_28_947.jpg, 0.333667, 0, 0, 11.77907
/Users/Luke_MacBook/Downloads/CarND-Behavioral-Cloning-P3/IMG/center_2020_01_07_23_18_29_052.jpg, /Users/Luke_MacBook/Downloads/CarND-Behavioral-Cloning-P3/IMG/left_2020_01_07_23_18_29_052.jpg, /Users/Luke_MacBook/Downloads/CarND-Behavioral-Cloning-P3/IMG/right_2020_01_07_23_18_29_052.jpg, 0.02766097, 0, 0, 11.72389
/Users/Luke_MacBook/Downloads/CarND-Behavioral-Cloning-P3/IMG/center_2020_01_07_23_18_29_162.jpg, /Users/Luke_MacBook/Downloads/CarND-Behavioral-Cloning-P3/IMG/left_2020_01_07_23_18_29_162.jpg, /Users/Luke_MacBook/Downloads/CarND-Behavioral-Cloning-P3/IMG/right_2020_01_07_23_18_29_162.jpg, 0, 0, 0, 11.29158
/Users/Luke_MacBook/Downloads/CarND-Behavioral-Cloning-P3/IMG/center_2020_01_07_23_18_29_276.jpg, /Users/Luke_MacBook/Downloads/CarND-Behavioral-Cloning-P3/IMG/left_2020_01_07_23_18_29_276.jpg, /Users/Luke_MacBook/Downloads/CarND-Behavioral-Cloning-P3/IMG/right_2020_01_07_23_18_29_276.jpg, 0, 0, 0, 11.10461
/Users/Luke_MacBook/Downloads/CarND-Behavioral-Cloning-P3/IMG/center_2020_01_07_23_18_29_443.jpg, /Users/Luke_MacBook/Downloads/CarND-Behavioral-Cloning-P3/IMG/left_2020_01_07_23_18_29_443.jpg, /Users/Luke_MacBook/Downloads/CarND-Behavioral-Cloning-P3/IMG/right_2020_01_07_23_18_29_443.jpg, 0, 0, 0, 11.18251
/Users/Luke_MacBook/Downloads/CarND-Behavioral-Cloning-P3/IMG/center_2020_01_07_23_18_29_515.jpg, /Users/Luke_MacBook/Downloads/CarND-Behavioral-Cloning-P3/IMG/left_2020_01_07_23_18_29_515.jpg, /Users/Luke_MacBook/Downloads/CarND-Behavioral-Cloning-P3/IMG/right_2020_01_07_23_18_29_515.jpg, 0, 0, 0, 11.11909
/Users/Luke_MacBook/Downloads/CarND-Behavioral-Cloning-P3/IMG/center_2020_01_07_23_18_29_651.jpg, /Users/Luke_MacBook/Downloads/CarND-Behavioral-Cloning-P3/IMG/left_2020_01_07_23_18_29_651.jpg, /Users/Luke_MacBook/Downloads/CarND-Behavioral-Cloning-P3/IMG/right_2020_01_07_23_18_29_651.jpg, -0.4069351, 0, 0, 10.87167
/Users/Luke_MacBook/Downloads/CarND-Behavioral-Cloning-P3/IMG/center_2020_01_07_23_18_29_757.jpg, /Users/Luke_MacBook/Downloads/CarND-Behavioral-Cloning-P3/IMG/left_2020_01_07_23_18_29_757.jpg, /Users/Luke_MacBook/Downloads/CarND-Behavioral-Cloning-P3/IMG/right_2020_01_07_23_18_29_757.jpg, -0.7250822, 0, 0, 10.57123
/Users/Luke_MacBook/Downloads/CarND-Behavioral-Cloning-P3/IMG/center_2020_01_07_23_18_29_860.jpg, /Users/Luke_MacBook/Downloads/CarND-Behavioral-Cloning-P3/IMG/left_2020_01_07_23_18_29_860.jpg, /Users/Luke_MacBook/Downloads/CarND-Behavioral-Cloning-P3/IMG/right_2020_01_07_23_18_29_860.jpg, -0.4156326, 0, 0, 10.48908
/Users/Luke_MacBook/Downloads/CarND-Behavioral-Cloning-P3/IMG/center_2020_01_07_23_18_29_984.jpg, /Users/Luke_MacBook/Downloads/CarND-Behavioral-Cloning-P3/IMG/left_2020_01_07_23_18_29_984.jpg, /Users/Luke_MacBook/Downloads/CarND-Behavioral-Cloning-P3/IMG/right_2020_01_07_23_18_29_984.jpg, -0.04705846, 0, 0, 10.32652
/Users/Luke_MacBook/Downloads/CarND-Behavioral-Cloning-P3/IMG/center_2020_01_07_23_18_30_097.jpg, /Users/Luke_MacBook/Downloads/CarND-Behavioral-Cloning-P3/IMG/left_2020_01_07_23_18_30_097.jpg, /Users/Luke_MacBook/Downloads/CarND-Behavioral-Cloning-P3/IMG/right_2020_01_07_23_18_30_097.jpg, 0, 0, 0, 10.19844
/Users/Luke_MacBook/Downloads/CarND-Behavioral-Cloning-P3/IMG/center_2020_01_07_23_18_32_229.jpg, /Users/Luke_MacBook/Downloads/CarND-Behavioral-Cloning-P3/IMG/left_2020_01_07_23_18_32_229.jpg, /Users/Luke_MacBook/Downloads/CarND-Behavioral-Cloning-P3/IMG/right_2020_01_07_23_18_32_229.jpg, -0.3552811, 0, 0, 9.948456
/Users/Luke_MacBook/Downloads/CarND-Behavioral-Cloning-P3/IMG/center_2020_01_07_23_18_32_410.jpg, /Users/Luke_MacBook/Downloads/CarND-Behavioral-Cloning-P3/IMG/left_2020_01_07_23_18_32_410.jpg, /Users/Luke_MacBook/Downloads/CarND-Behavioral-Cloning-P3/IMG/right_2020_01_07_23_18_32_410.jpg, -0.8972608, 0, 0, 9.421596
/Users/Luke_MacBook/Downloads/CarND-Behavioral-Cloning-P3/IMG/center_2020_01_07_23_18_32_532.jpg, /Users/Luke_MacBook/Downloads/CarND-Behavioral-Cloning-P3/IMG/left_2020_01_07_23_18_32_532.jpg, /Users/Luke_MacBook/Downloads/CarND-Behavioral-Cloning-P3/IMG/right_2020_01_07_23_18_32_532.jpg, -1, 0, 0, 9.223614
/Users/Luke_MacBook/Downloads/CarND-Behavioral-Cloning-P3/IMG/center_2020_01_07_23_18_32_659.jpg, /Users/Luke_MacBook/Downloads/CarND-Behavioral-Cloning-P3/IMG/left_2020_01_07_23_18_32_659.jpg, /Users/Luke_MacBook/Downloads/CarND-Behavioral-Cloning-P3/IMG/right_2020_01_07_23_18_32_659.jpg, -1, 0, 0, 9.086718
/Users/Luke_MacBook/Downloads/CarND-Behavioral-Cloning-P3/IMG/center_2020_01_07_23_18_32_781.jpg, /Users/Luke_MacBook/Downloads/CarND-Behavioral-Cloning-P3/IMG/left_2020_01_07_23_18_32_781.jpg, /Users/Luke_MacBook/Downloads/CarND-Behavioral-Cloning-P3/IMG/right_2020_01_07_23_18_32_781.jpg, -0.631462, 0, 0, 9.020514
/Users/Luke_MacBook/Downloads/CarND-Behavioral-Cloning-P3/IMG/center_2020_01_07_23_18_32_906.jpg, /Users/Luke_MacBook/Downloads/CarND-Behavioral-Cloning-P3/IMG/left_2020_01_07_23_18_32_906.jpg, /Users/Luke_MacBook/Downloads/CarND-Behavioral-Cloning-P3/IMG/right_2020_01_07_23_18_32_906.jpg, -0.2578421, 0, 0, 8.906418
/Users/Luke_MacBook/Downloads/CarND-Behavioral-Cloning-P3/IMG/center_2020_01_07_23_18_33_051.jpg, /Users/Luke_MacBook/Downloads/CarND-Behavioral-Cloning-P3/IMG/left_2020_01_07_23_18_33_051.jpg, /Users/Luke_MacBook/Downloads/CarND-Behavioral-Cloning-P3/IMG/right_2020_01_07_23_18_33_051.jpg, 0, 0, 0, 8.735857
/Users/Luke_MacBook/Downloads/CarND-Behavioral-Cloning-P3/IMG/center_2020_01_07_23_18_33_171.jpg, /Users/Luke_MacBook/Downloads/CarND-Behavioral-Cloning-P3/IMG/left_2020_01_07_23_18_33_171.jpg, /Users/Luke_MacBook/Downloads/CarND-Behavioral-Cloning-P3/IMG/right_2020_01_07_23_18_33_171.jpg, 0, 0, 0, 8.647149
/Users/Luke_MacBook/Downloads/CarND-Behavioral-Cloning-P3/IMG/center_2020_01_07_23_18_33_318.jpg, /Users/Luke_MacBook/Downloads/CarND-Behavioral-Cloning-P3/IMG/left_2020_01_07_23_18_33_318.jpg, /Users/Luke_MacBook/Downloads/CarND-Behavioral-Cloning-P3/IMG/right_2020_01_07_23_18_33_318.jpg, 0.438372, 0, 0, 8.374837
/Users/Luke_MacBook/Downloads/CarND-Behavioral-Cloning-P3/IMG/center_2020_01_07_23_18_33_518.jpg, /Users/Luke_MacBook/Downloads/CarND-Behavioral-Cloning-P3/IMG/left_2020_01_07_23_18_33_518.jpg, /Users/Luke_MacBook/Downloads/CarND-Behavioral-Cloning-P3/IMG/right_2020_01_07_23_18_33_518.jpg, 0, 0, 0, 8.172126
/Users/Luke_MacBook/Downloads/CarND-Behavioral-Cloning-P3/IMG/center_2020_01_07_23_18_33_631.jpg, /Users/Luke_MacBook/Downloads/CarND-Behavioral-Cloning-P3/IMG/left_2020_01_07_23_18_33_631.jpg, /Users/Luke_MacBook/Downloads/CarND-Behavioral-Cloning-P3/IMG/right_2020_01_07_23_18_33_631.jpg, 0, 0, 0, 8.087397
/Users/Luke_MacBook/Downloads/CarND-Behavioral-Cloning-P3/IMG/center_2020_01_07_23_18_33_745.jpg, /Users/Luke_MacBook/Downloads/CarND-Behavioral-Cloning-P3/IMG/left_2020_01_07_23_18_33_745.jpg, /Users/Luke_MacBook/Downloads/CarND-Behavioral-Cloning-P3/IMG/right_2020_01_07_23_18_33_745.jpg, 0, 0, 0, 7.986771
/Users/Luke_MacBook/Downloads/CarND-Behavioral-Cloning-P3/IMG/center_2020_01_07_23_18_33_883.jpg, /Users/Luke_MacBook/Downloads/CarND-Behavioral-Cloning-P3/IMG/left_2020_01_07_23_18_33_883.jpg, /Users/Luke_MacBook/Downloads/CarND-Behavioral-Cloning-P3/IMG/right_2020_01_07_23_18_33_883.jpg, 0, 0, 0, 7.870877
/Users/Luke_MacBook/Downloads/CarND-Behavioral-Cloning-P3/IMG/center_2020_01_07_23_18_33_988.jpg, /Users/Luke_MacBook/Downloads/CarND-Behavioral-Cloning-P3/IMG/left_2020_01_07_23_18_33_988.jpg, /Users/Luke_MacBook/Downloads/CarND-Behavioral-Cloning-P3/IMG/right_2020_01_07_23_18_33_988.jpg, -0.3217471, 0, 0, 7.744327
/Users/Luke_MacBook/Downloads/CarND-Behavioral-Cloning-P3/IMG/center_2020_01_07_23_18_38_643.jpg, /Users/Luke_MacBook/Downloads/CarND-Behavioral-Cloning-P3/IMG/left_2020_01_07_23_18_38_643.jpg, /Users/Luke_MacBook/Downloads/CarND-Behavioral-Cloning-P3/IMG/right_2020_01_07_23_18_38_643.jpg, 0, 0, 0, 28.00555
/Users/Luke_MacBook/Downloads/CarND-Behavioral-Cloning-P3/IMG/center_2020_01_07_23_18_38_779.jpg, /Users/Luke_MacBook/Downloads/CarND-Behavioral-Cloning-P3/IMG/left_2020_01_07_23_18_38_779.jpg, /Users/Luke_MacBook/Downloads/CarND-Behavioral-Cloning-P3/IMG/right_2020_01_07_23_18_38_779.jpg, 0, 0, 0, 27.61019
/Users/Luke_MacBook/Downloads/CarND-Behavioral-Cloning-P3/IMG/center_2020_01_07_23_18_38_908.jpg, /Users/Luke_MacBook/Downloads/CarND-Behavioral-Cloning-P3/IMG/left_2020_01_07_23_18_38_908.jpg, /Users/Luke_MacBook/Downloads/CarND-Behavioral-Cloning-P3/IMG/right_2020_01_07_23_18_38_908.jpg, 0, 0, 0, 27.27573
/Users/Luke_MacBook/Downloads/CarND-Behavioral-Cloning-P3/IMG/center_2020_01_07_23_18_39_030.jpg, /Users/Luke_MacBook/Downloads/CarND-Behavioral-Cloning-P3/IMG/left_2020_01_07_23_18_39_030.jpg, /Users/Luke_MacBook/Downloads/CarND-Behavioral-Cloning-P3/IMG/right_2020_01_07_23_18_39_030.jpg, 0, 0, 0, 26.94404
/Users/Luke_MacBook/Downloads/CarND-Behavioral-Cloning-P3/IMG/center_2020_01_07_23_18_39_151.jpg, /Users/Luke_MacBook/Downloads/CarND-Behavioral-Cloning-P3/IMG/left_2020_01_07_23_18_39_151.jpg, /Users/Luke_MacBook/Downloads/CarND-Behavioral-Cloning-P3/IMG/right_2020_01_07_23_18_39_151.jpg, 0, 0, 0, 26.61763
/Users/Luke_MacBook/Downloads/CarND-Behavioral-Cloning-P3/IMG/center_2020_01_07_23_18_39_288.jpg, /Users/Luke_MacBook/Downloads/CarND-Behavioral-Cloning-P3/IMG/left_2020_01_07_23_18_39_288.jpg, /Users/Luke_MacBook/Downloads/CarND-Behavioral-Cloning-P3/IMG/right_2020_01_07_23_18_39_288.jpg, 0, 0, 0, 26.24086
/Users/Luke_MacBook/Downloads/CarND-Behavioral-Cloning-P3/IMG/center_2020_01_07_23_18_39_415.jpg, /Users/Luke_MacBook/Downloads/CarND-Behavioral-Cloning-P3/IMG/left_2020_01_07_23_18_39_415.jpg, /Users/Luke_MacBook/Downloads/CarND-Behavioral-Cloning-P3/IMG/right_2020_01_07_23_18_39_415.jpg, 0.3776851, 0, 0, 25.68504
/Users/Luke_MacBook/Downloads/CarND-Behavioral-Cloning-P3/IMG/center_2020_01_07_23_18_39_544.jpg, /Users/Luke_MacBook/Downloads/CarND-Behavioral-Cloning-P3/IMG/left_2020_01_07_23_18_39_544.jpg, /Users/Luke_MacBook/Downloads/CarND-Behavioral-Cloning-P3/IMG/right_2020_01_07_23_18_39_544.jpg, 0.7679669, 0, 0, 24.9505
/Users/Luke_MacBook/Downloads/CarND-Behavioral-Cloning-P3/IMG/center_2020_01_07_23_18_39_683.jpg, /Users/Luke_MacBook/Downloads/CarND-Behavioral-Cloning-P3/IMG/left_2020_01_07_23_18_39_683.jpg, /Users/Luke_MacBook/Downloads/CarND-Behavioral-Cloning-P3/IMG/right_2020_01_07_23_18_39_683.jpg, 1, 0, 0, 24.06795
/Users/Luke_MacBook/Downloads/CarND-Behavioral-Cloning-P3/IMG/center_2020_01_07_23_18_39_811.jpg, /Users/Luke_MacBook/Downloads/CarND-Behavioral-Cloning-P3/IMG/left_2020_01_07_23_18_39_811.jpg, /Users/Luke_MacBook/Downloads/CarND-Behavioral-Cloning-P3/IMG/right_2020_01_07_23_18_39_811.jpg, 0.6170832, 0, 0, 23.84911
/Users/Luke_MacBook/Downloads/CarND-Behavioral-Cloning-P3/IMG/center_2020_01_07_23_18_39_937.jpg, /Users/Luke_MacBook/Downloads/CarND-Behavioral-Cloning-P3/IMG/left_2020_01_07_23_18_39_937.jpg, /Users/Luke_MacBook/Downloads/CarND-Behavioral-Cloning-P3/IMG/right_2020_01_07_23_18_39_937.jpg, 0.2356902, 0, 0, 23.55768
/Users/Luke_MacBook/Downloads/CarND-Behavioral-Cloning-P3/IMG/center_2020_01_07_23_18_40_057.jpg, /Users/Luke_MacBook/Downloads/CarND-Behavioral-Cloning-P3/IMG/left_2020_01_07_23_18_40_057.jpg, /Users/Luke_MacBook/Downloads/CarND-Behavioral-Cloning-P3/IMG/right_2020_01_07_23_18_40_057.jpg, 0, 0, 0, 23.23981
/Users/Luke_MacBook/Downloads/CarND-Behavioral-Cloning-P3/IMG/center_2020_01_07_23_18_40_178.jpg, /Users/Luke_MacBook/Downloads/CarND-Behavioral-Cloning-P3/IMG/left_2020_01_07_23_18_40_178.jpg, /Users/Luke_MacBook/Downloads/CarND-Behavioral-Cloning-P3/IMG/right_2020_01_07_23_18_40_178.jpg, 0, 0, 0, 22.95589
/Users/Luke_MacBook/Downloads/CarND-Behavioral-Cloning-P3/IMG/center_2020_01_07_23_18_40_337.jpg, /Users/Luke_MacBook/Downloads/CarND-Behavioral-Cloning-P3/IMG/left_2020_01_07_23_18_40_337.jpg, /Users/Luke_MacBook/Downloads/CarND-Behavioral-Cloning-P3/IMG/right_2020_01_07_23_18_40_337.jpg, 0, 0, 0, 22.57823
/Users/Luke_MacBook/Downloads/CarND-Behavioral-Cloning-P3/IMG/center_2020_01_07_23_18_40_503.jpg, /Users/Luke_MacBook/Downloads/CarND-Behavioral-Cloning-P3/IMG/left_2020_01_07_23_18_40_503.jpg, /Users/Luke_MacBook/Downloads/CarND-Behavioral-Cloning-P3/IMG/right_2020_01_07_23_18_40_503.jpg, -0.5000882, 0, 0, 21.86281
/Users/Luke_MacBook/Downloads/CarND-Behavioral-Cloning-P3/IMG/center_2020_01_07_23_18_40_709.jpg, /Users/Luke_MacBook/Downloads/CarND-Behavioral-Cloning-P3/IMG/left_2020_01_07_23_18_40_709.jpg, /Users/Luke_MacBook/Downloads/CarND-Behavioral-Cloning-P3/IMG/right_2020_01_07_23_18_40_709.jpg, -1, 0, 0, 20.49286
/Users/Luke_MacBook/Downloads/CarND-Behavioral-Cloning-P3/IMG/center_2020_01_07_23_18_40_854.jpg, /Users/Luke_MacBook/Downloads/CarND-Behavioral-Cloning-P3/IMG/left_2020_01_07_23_18_40_854.jpg, /Users/Luke_MacBook/Downloads/CarND-Behavioral-Cloning-P3/IMG/right_2020_01_07_23_18_40_854.jpg, -1, 0, 0, 19.8962
/Users/Luke_MacBook/Downloads/CarND-Behavioral-Cloning-P3/IMG/center_2020_01_07_23_18_40_969.jpg, /Users/Luke_MacBook/Downloads/CarND-Behavioral-Cloning-P3/IMG/left_2020_01_07_23_18_40_969.jpg, /Users/Luke_MacBook/Downloads/CarND-Behavioral-Cloning-P3/IMG/right_2020_01_07_23_18_40_969.jpg, -1, 0, 0, 19.96185
/Users/Luke_MacBook/Downloads/CarND-Behavioral-Cloning-P3/IMG/center_2020_01_07_23_18_41_089.jpg, /Users/Luke_MacBook/Downloads/CarND-Behavioral-Cloning-P3/IMG/left_2020_01_07_23_18_41_089.jpg, /Users/Luke_MacBook/Downloads/CarND-Behavioral-Cloning-P3/IMG/right_2020_01_07_23_18_41_089.jpg, -1, 0, 0, 19.67404
/Users/Luke_MacBook/Downloads/CarND-Behavioral-Cloning-P3/IMG/center_2020_01_07_23_18_41_221.jpg, /Users/Luke_MacBook/Downloads/CarND-Behavioral-Cloning-P3/IMG/left_2020_01_07_23_18_41_221.jpg, /Users/Luke_MacBook/Downloads/CarND-Behavioral-Cloning-P3/IMG/right_2020_01_07_23_18_41_221.jpg, -0.60706, 0, 0, 19.14507
/Users/Luke_MacBook/Downloads/CarND-Behavioral-Cloning-P3/IMG/center_2020_01_07_23_18_41_337.jpg, /Users/Luke_MacBook/Downloads/CarND-Behavioral-Cloning-P3/IMG/left_2020_01_07_23_18_41_337.jpg, /Users/Luke_MacBook/Downloads/CarND-Behavioral-Cloning-P3/IMG/right_2020_01_07_23_18_41_337.jpg, -0.2563028, 0, 0, 18.93006
/Users/Luke_MacBook/Downloads/CarND-Behavioral-Cloning-P3/IMG/center_2020_01_07_23_18_41_454.jpg, /Users/Luke_MacBook/Downloads/CarND-Behavioral-Cloning-P3/IMG/left_2020_01_07_23_18_41_454.jpg, /Users/Luke_MacBook/Downloads/CarND-Behavioral-Cloning-P3/IMG/right_2020_01_07_23_18_41_454.jpg, 0, 0, 0, 18.63152
/Users/Luke_MacBook/Downloads/CarND-Behavioral-Cloning-P3/IMG/center_2020_01_07_23_18_41_574.jpg, /Users/Luke_MacBook/Downloads/CarND-Behavioral-Cloning-P3/IMG/left_2020_01_07_23_18_41_574.jpg, /Users/Luke_MacBook/Downloads/CarND-Behavioral-Cloning-P3/IMG/right_2020_01_07_23_18_41_574.jpg, 0.3590848, 0, 0, 18.22584
/Users/Luke_MacBook/Downloads/CarND-Behavioral-Cloning-P3/IMG/center_2020_01_07_23_18_41_706.jpg, /Users/Luke_MacBook/Downloads/CarND-Behavioral-Cloning-P3/IMG/left_2020_01_07_23_18_41_706.jpg, /Users/Luke_MacBook/Downloads/CarND-Behavioral-Cloning-P3/IMG/right_2020_01_07_23_18_41_706.jpg, 0.757071, 0, 0, 17.6447
/Users/Luke_MacBook/Downloads/CarND-Behavioral-Cloning-P3/IMG/center_2020_01_07_23_18_41_835.jpg, /Users/Luke_MacBook/Downloads/CarND-Behavioral-Cloning-P3/IMG/left_2020_01_07_23_18_41_835.jpg, /Users/Luke_MacBook/Downloads/CarND-Behavioral-Cloning-P3/IMG/right_2020_01_07_23_18_41_835.jpg, 0.3738871, 0, 0, 17.88147
/Users/Luke_MacBook/Downloads/CarND-Behavioral-Cloning-P3/IMG/center_2020_01_07_23_18_42_002.jpg, /Users/Luke_MacBook/Downloads/CarND-Behavioral-Cloning-P3/IMG/left_2020_01_07_23_18_42_002.jpg, /Users/Luke_MacBook/Downloads/CarND-Behavioral-Cloning-P3/IMG/right_2020_01_07_23_18_42_002.jpg, 0.01639509, 0, 0, 17.63197
/Users/Luke_MacBook/Downloads/CarND-Behavioral-Cloning-P3/IMG/center_2020_01_07_23_18_42_136.jpg, /Users/Luke_MacBook/Downloads/CarND-Behavioral-Cloning-P3/IMG/left_2020_01_07_23_18_42_136.jpg, /Users/Luke_MacBook/Downloads/CarND-Behavioral-Cloning-P3/IMG/right_2020_01_07_23_18_42_136.jpg, 0.3977519, 0, 0, 17.3413
/Users/Luke_MacBook/Downloads/CarND-Behavioral-Cloning-P3/IMG/center_2020_01_07_23_18_42_262.jpg, /Users/Luke_MacBook/Downloads/CarND-Behavioral-Cloning-P3/IMG/left_2020_01_07_23_18_42_262.jpg, /Users/Luke_MacBook/Downloads/CarND-Behavioral-Cloning-P3/IMG/right_2020_01_07_23_18_42_262.jpg, 0, 0, 0, 16.54147
/Users/Luke_MacBook/Downloads/CarND-Behavioral-Cloning-P3/IMG/center_2020_01_07_23_18_42_384.jpg, /Users/Luke_MacBook/Downloads/CarND-Behavioral-Cloning-P3/IMG/left_2020_01_07_23_18_42_384.jpg, /Users/Luke_MacBook/Downloads/CarND-Behavioral-Cloning-P3/IMG/right_2020_01_07_23_18_42_384.jpg, 0, 0, 0, 16.32207
/Users/Luke_MacBook/Downloads/CarND-Behavioral-Cloning-P3/IMG/center_2020_01_07_23_18_42_522.jpg, /Users/Luke_MacBook/Downloads/CarND-Behavioral-Cloning-P3/IMG/left_2020_01_07_23_18_42_522.jpg, /Users/Luke_MacBook/Downloads/CarND-Behavioral-Cloning-P3/IMG/right_2020_01_07_23_18_42_522.jpg, 0, 0, 0, 16.11653
/Users/Luke_MacBook/Downloads/CarND-Behavioral-Cloning-P3/IMG/center_2020_01_07_23_18_42_659.jpg, /Users/Luke_MacBook/Downloads/CarND-Behavioral-Cloning-P3/IMG/left_2020_01_07_23_18_42_659.jpg, /Users/Luke_MacBook/Downloads/CarND-Behavioral-Cloning-P3/IMG/right_2020_01_07_23_18_42_659.jpg, -0.443598, 0, 0, 16.24384
/Users/Luke_MacBook/Downloads/CarND-Behavioral-Cloning-P3/IMG/center_2020_01_07_23_18_42_813.jpg, /Users/Luke_MacBook/Downloads/CarND-Behavioral-Cloning-P3/IMG/left_2020_01_07_23_18_42_813.jpg, /Users/Luke_MacBook/Downloads/CarND-Behavioral-Cloning-P3/IMG/right_2020_01_07_23_18_42_813.jpg, 0, 0, 0, 15.96085
/Users/Luke_MacBook/Downloads/CarND-Behavioral-Cloning-P3/IMG/center_2020_01_07_23_18_42_955.jpg, /Users/Luke_MacBook/Downloads/CarND-Behavioral-Cloning-P3/IMG/left_2020_01_07_23_18_42_955.jpg, /Users/Luke_MacBook/Downloads/CarND-Behavioral-Cloning-P3/IMG/right_2020_01_07_23_18_42_955.jpg, 0, 0, 0, 15.2143
/Users/Luke_MacBook/Downloads/CarND-Behavioral-Cloning-P3/IMG/center_2020_01_07_23_18_43_090.jpg, /Users/Luke_MacBook/Downloads/CarND-Behavioral-Cloning-P3/IMG/left_2020_01_07_23_18_43_090.jpg, /Users/Luke_MacBook/Downloads/CarND-Behavioral-Cloning-P3/IMG/right_2020_01_07_23_18_43_090.jpg, 0.4302088, 0, 0, 15.32491
/Users/Luke_MacBook/Downloads/CarND-Behavioral-Cloning-P3/IMG/center_2020_01_07_23_18_43_252.jpg, /Users/Luke_MacBook/Downloads/CarND-Behavioral-Cloning-P3/IMG/left_2020_01_07_23_18_43_252.jpg, /Users/Luke_MacBook/Downloads/CarND-Behavioral-Cloning-P3/IMG/right_2020_01_07_23_18_43_252.jpg, 0.02464485, 0, 0, 15.14407
/Users/Luke_MacBook/Downloads/CarND-Behavioral-Cloning-P3/IMG/center_2020_01_07_23_18_43_357.jpg, /Users/Luke_MacBook/Downloads/CarND-Behavioral-Cloning-P3/IMG/left_2020_01_07_23_18_43_357.jpg, /Users/Luke_MacBook/Downloads/CarND-Behavioral-Cloning-P3/IMG/right_2020_01_07_23_18_43_357.jpg, 0, 0, 0, 14.90343
/Users/Luke_MacBook/Downloads/CarND-Behavioral-Cloning-P3/IMG/center_2020_01_07_23_18_43_465.jpg, /Users/Luke_MacBook/Downloads/CarND-Behavioral-Cloning-P3/IMG/left_2020_01_07_23_18_43_465.jpg, /Users/Luke_MacBook/Downloads/CarND-Behavioral-Cloning-P3/IMG/right_2020_01_07_23_18_43_465.jpg, 0, 0, 0, 14.25055
/Users/Luke_MacBook/Downloads/CarND-Behavioral-Cloning-P3/IMG/center_2020_01_07_23_18_43_583.jpg, /Users/Luke_MacBook/Downloads/CarND-Behavioral-Cloning-P3/IMG/left_2020_01_07_23_18_43_583.jpg, /Users/Luke_MacBook/Downloads/CarND-Behavioral-Cloning-P3/IMG/right_2020_01_07_23_18_43_583.jpg, 0.3485159, 0, 0, 13.98524
/Users/Luke_MacBook/Downloads/CarND-Behavioral-Cloning-P3/IMG/center_2020_01_07_23_18_43_692.jpg, /Users/Luke_MacBook/Downloads/CarND-Behavioral-Cloning-P3/IMG/left_2020_01_07_23_18_43_692.jpg, /Users/Luke_MacBook/Downloads/CarND-Behavioral-Cloning-P3/IMG/right_2020_01_07_23_18_43_692.jpg, 0.6979408, 0, 0, 13.549
/Users/Luke_MacBook/Downloads/CarND-Behavioral-Cloning-P3/IMG/center_2020_01_07_23_18_43_806.jpg, /Users/Luke_MacBook/Downloads/CarND-Behavioral-Cloning-P3/IMG/left_2020_01_07_23_18_43_806.jpg, /Users/Luke_MacBook/Downloads/CarND-Behavioral-Cloning-P3/IMG/right_2020_01_07_23_18_43_806.jpg, 0.3608036, 0, 0, 13.96564
/Users/Luke_MacBook/Downloads/CarND-Behavioral-Cloning-P3/IMG/center_2020_01_07_23_18_43_917.jpg, /Users/Luke_MacBook/Downloads/CarND-Behavioral-Cloning-P3/IMG/left_2020_01_07_23_18_43_917.jpg, /Users/Luke_MacBook/Downloads/CarND-Behavioral-Cloning-P3/IMG/right_2020_01_07_23_18_43_917.jpg, 0.05194473, 0, 0, 13.74922
/Users/Luke_MacBook/Downloads/CarND-Behavioral-Cloning-P3/IMG/center_2020_01_07_23_18_44_030.jpg, /Users/Luke_MacBook/Downloads/CarND-Behavioral-Cloning-P3/IMG/left_2020_01_07_23_18_44_030.jpg, /Users/Luke_MacBook/Downloads/CarND-Behavioral-Cloning-P3/IMG/right_2020_01_07_23_18_44_030.jpg, 0, 0, 0, 13.10881
/Users/Luke_MacBook/Downloads/CarND-Behavioral-Cloning-P3/IMG/center_2020_01_07_23_18_47_539.jpg, /Users/Luke_MacBook/Downloads/CarND-Behavioral-Cloning-P3/IMG/left_2020_01_07_23_18_47_539.jpg, /Users/Luke_MacBook/Downloads/CarND-Behavioral-Cloning-P3/IMG/right_2020_01_07_23_18_47_539.jpg, 0, 0, 0, 24.85105
/Users/Luke_MacBook/Downloads/CarND-Behavioral-Cloning-P3/IMG/center_2020_01_07_23_18_47_668.jpg, /Users/Luke_MacBook/Downloads/CarND-Behavioral-Cloning-P3/IMG/left_2020_01_07_23_18_47_668.jpg, /Users/Luke_MacBook/Downloads/CarND-Behavioral-Cloning-P3/IMG/right_2020_01_07_23_18_47_668.jpg, 0, 0, 0, 24.54947
/Users/Luke_MacBook/Downloads/CarND-Behavioral-Cloning-P3/IMG/center_2020_01_07_23_18_47_801.jpg, /Users/Luke_MacBook/Downloads/CarND-Behavioral-Cloning-P3/IMG/left_2020_01_07_23_18_47_801.jpg, /Users/Luke_MacBook/Downloads/CarND-Behavioral-Cloning-P3/IMG/right_2020_01_07_23_18_47_801.jpg, 0, 0, 0, 24.2017
/Users/Luke_MacBook/Downloads/CarND-Behavioral-Cloning-P3/IMG/center_2020_01_07_23_18_47_946.jpg, /Users/Luke_MacBook/Downloads/CarND-Behavioral-Cloning-P3/IMG/left_2020_01_07_23_18_47_946.jpg, /Users/Luke_MacBook/Downloads/CarND-Behavioral-Cloning-P3/IMG/right_2020_01_07_23_18_47_946.jpg, -0.430575, 0, 0, 23.62409
/Users/Luke_MacBook/Downloads/CarND-Behavioral-Cloning-P3/IMG/center_2020_01_07_23_18_48_080.jpg, /Users/Luke_MacBook/Downloads/CarND-Behavioral-Cloning-P3/IMG/left_2020_01_07_23_18_48_080.jpg, /Users/Luke_MacBook/Downloads/CarND-Behavioral-Cloning-P3/IMG/right_2020_01_07_23_18_48_080.jpg, -0.8352782, 0, 0, 22.78446
/Users/Luke_MacBook/Downloads/CarND-Behavioral-Cloning-P3/IMG/center_2020_01_07_23_18_48_216.jpg, /Users/Luke_MacBook/Downloads/CarND-Behavioral-Cloning-P3/IMG/left_2020_01_07_23_18_48_216.jpg, /Users/Luke_MacBook/Downloads/CarND-Behavioral-Cloning-P3/IMG/right_2020_01_07_23_18_48_216.jpg, -1, 0, 0, 22.04133
/Users/Luke_MacBook/Downloads/CarND-Behavioral-Cloning-P3/IMG/center_2020_01_07_23_18_48_354.jpg, /Users/Luke_MacBook/Downloads/CarND-Behavioral-Cloning-P3/IMG/left_2020_01_07_23_18_48_354.jpg, /Users/Luke_MacBook/Downloads/CarND-Behavioral-Cloning-P3/IMG/right_2020_01_07_23_18_48_354.jpg, -1, 0, 0, 21.56695
/Users/Luke_MacBook/Downloads/CarND-Behavioral-Cloning-P3/IMG/center_2020_01_07_23_18_48_476.jpg, /Users/Luke_MacBook/Downloads/CarND-Behavioral-Cloning-P3/IMG/left_2020_01_07_23_18_48_476.jpg, /Users/Luke_MacBook/Downloads/CarND-Behavioral-Cloning-P3/IMG/right_2020_01_07_23_18_48_476.jpg, -1, 0, 0, 21.22988
/Users/Luke_MacBook/Downloads/CarND-Behavioral-Cloning-P3/IMG/center_2020_01_07_23_18_48_582.jpg, /Users/Luke_MacBook/Downloads/CarND-Behavioral-Cloning-P3/IMG/left_2020_01_07_23_18_48_582.jpg, /Users/Luke_MacBook/Downloads/CarND-Behavioral-Cloning-P3/IMG/right_2020_01_07_23_18_48_582.jpg, -0.6783638, 0, 0, 20.99556
/Users/Luke_MacBook/Downloads/CarND-Behavioral-Cloning-P3/IMG/center_2020_01_07_23_18_48_694.jpg, /Users/Luke_MacBook/Downloads/CarND-Behavioral-Cloning-P3/IMG/left_2020_01_07_23_18_48_694.jpg, /Users/Luke_MacBook/Downloads/CarND-Behavioral-Cloning-P3/IMG/right_2020_01_07_23_18_48_694.jpg, -0.3481538, 0, 0, 20.77828
/Users/Luke_MacBook/Downloads/CarND-Behavioral-Cloning-P3/IMG/center_2020_01_07_23_18_48_794.jpg, /Users/Luke_MacBook/Downloads/CarND-Behavioral-Cloning-P3/IMG/left_2020_01_07_23_18_48_794.jpg, /Users/Luke_MacBook/Downloads/CarND-Behavioral-Cloning-P3/IMG/right_2020_01_07_23_18_48_794.jpg, 0, 0, 0, 20.69552
/Users/Luke_MacBook/Downloads/CarND-Behavioral-Cloning-P3/IMG/center_2020_01_07_23_18_48_958.jpg, /Users/Luke_MacBook/Downloads/CarND-Behavioral-Cloning-P3/IMG/left_2020_01_07_23_18_48_958.jpg, /Users/Luke_MacBook/Downloads/CarND-Behavioral-Cloning-P3/IMG/right_2020_01_07_23_18_48_958.jpg, 0.211794, 0, 0, 20.29997
/Users/Luke_MacBook/Downloads/CarND-Behavioral-Cloning-P3/IMG/center_2020_01_07_23_18_49_128.jpg, /Users/Luke_MacBook/Downloads/CarND-Behavioral-Cloning-P3/IMG/left_2020_01_07_23_18_49_128.jpg, /Users/Luke_MacBook/Downloads/CarND-Behavioral-Cloning-P3/IMG/right_2020_01_07_23_18_49_128.jpg, 0.723645, 0, 0, 19.62871
/Users/Luke_MacBook/Downloads/CarND-Behavioral-Cloning-P3/IMG/center_2020_01_07_23_18_49_270.jpg, /Users/Luke_MacBook/Downloads/CarND-Behavioral-Cloning-P3/IMG/left_2020_01_07_23_18_49_270.jpg, /Users/Luke_MacBook/Downloads/CarND-Behavioral-Cloning-P3/IMG/right_2020_01_07_23_18_49_270.jpg, 1, 0, 0, 18.38594
/Users/Luke_MacBook/Downloads/CarND-Behavioral-Cloning-P3/IMG/center_2020_01_07_23_18_49_452.jpg, /Users/Luke_MacBook/Downloads/CarND-Behavioral-Cloning-P3/IMG/left_2020_01_07_23_18_49_452.jpg, /Users/Luke_MacBook/Downloads/CarND-Behavioral-Cloning-P3/IMG/right_2020_01_07_23_18_49_452.jpg, 1, 0, 0, 17.84515
/Users/Luke_MacBook/Downloads/CarND-Behavioral-Cloning-P3/IMG/center_2020_01_07_23_18_49_561.jpg, /Users/Luke_MacBook/Downloads/CarND-Behavioral-Cloning-P3/IMG/left_2020_01_07_23_18_49_561.jpg, /Users/Luke_MacBook/Downloads/CarND-Behavioral-Cloning-P3/IMG/right_2020_01_07_23_18_49_561.jpg, 0.6816518, 0, 0, 17.55801
/Users/Luke_MacBook/Downloads/CarND-Behavioral-Cloning-P3/IMG/center_2020_01_07_23_18_49_675.jpg, /Users/Luke_MacBook/Downloads/CarND-Behavioral-Cloning-P3/IMG/left_2020_01_07_23_18_49_675.jpg, /Users/Luke_MacBook/Downloads/CarND-Behavioral-Cloning-P3/IMG/right_2020_01_07_23_18_49_675.jpg, 0.3608378, 0, 0, 16.80651
/Users/Luke_MacBook/Downloads/CarND-Behavioral-Cloning-P3/IMG/center_2020_01_07_23_18_49_792.jpg, /Users/Luke_MacBook/Downloads/CarND-Behavioral-Cloning-P3/IMG/left_2020_01_07_23_18_49_792.jpg, /Users/Luke_MacBook/Downloads/CarND-Behavioral-Cloning-P3/IMG/right_2020_01_07_23_18_49_792.jpg, 0.02766705, 0, 0, 15.82054
/Users/Luke_MacBook/Downloads/CarND-Behavioral-Cloning-P3/IMG/center_2020_01_07_23_18_49_905.jpg, /Users/Luke_MacBook/Downloads/CarND-Behavioral-Cloning-P3/IMG/left_2020_01_07_23_18_49_905.jpg, /Users/Luke_MacBook/Downloads/CarND-Behavioral-Cloning-P3/IMG/right_2020_01_07_23_18_49_905.jpg, 0, 0, 0, 15.19166
/Users/Luke_MacBook/Downloads/CarND-Behavioral-Cloning-P3/IMG/center_2020_01_07_23_18_50_019.jpg, /Users/Luke_MacBook/Downloads/CarND-Behavioral-Cloning-P3/IMG/left_2020_01_07_23_18_50_019.jpg, /Users/Luke_MacBook/Downloads/CarND-Behavioral-Cloning-P3/IMG/right_2020_01_07_23_18_50_019.jpg, 0, 0, 0, 0.2617022
/Users/Luke_MacBook/Downloads/CarND-Behavioral-Cloning-P3/IMG/center_2020_01_07_23_18_50_096.jpg, /Users/Luke_MacBook/Downloads/CarND-Behavioral-Cloning-P3/IMG/left_2020_01_07_23_18_50_096.jpg, /Users/Luke_MacBook/Downloads/CarND-Behavioral-Cloning-P3/IMG/right_2020_01_07_23_18_50_096.jpg, 0.3592379, 0, 0, 0.06846339
/Users/Luke_MacBook/Downloads/CarND-Behavioral-Cloning-P3/IMG/center_2020_01_07_23_18_50_216.jpg, /Users/Luke_MacBook/Downloads/CarND-Behavioral-Cloning-P3/IMG/left_2020_01_07_23_18_50_216.jpg, /Users/Luke_MacBook/Downloads/CarND-Behavioral-Cloning-P3/IMG/right_2020_01_07_23_18_50_216.jpg, 0.001838923, 0, 0, 0.1130029
/Users/Luke_MacBook/Downloads/CarND-Behavioral-Cloning-P3/IMG/center_2020_01_07_23_18_50_342.jpg, /Users/Luke_MacBook/Downloads/CarND-Behavioral-Cloning-P3/IMG/left_2020_01_07_23_18_50_342.jpg, /Users/Luke_MacBook/Downloads/CarND-Behavioral-Cloning-P3/IMG/right_2020_01_07_23_18_50_342.jpg, 0.3803401, 0, 0, 0.1259995
/Users/Luke_MacBook/Downloads/CarND-Behavioral-Cloning-P3/IMG/center_2020_01_07_23_18_50_455.jpg, /Users/Luke_MacBook/Downloads/CarND-Behavioral-Cloning-P3/IMG/left_2020_01_07_23_18_50_455.jpg, /Users/Luke_MacBook/Downloads/CarND-Behavioral-Cloning-P3/IMG/right_2020_01_07_23_18_50_455.jpg, 0.724656, 0, 0, 0.09288155
/Users/Luke_MacBook/Downloads/CarND-Behavioral-Cloning-P3/IMG/center_2020_01_07_23_18_50_568.jpg, /Users/Luke_MacBook/Downloads/CarND-Behavioral-Cloning-P3/IMG/left_2020_01_07_23_18_50_568.jpg, /Users/Luke_MacBook/Downloads/CarND-Behavioral-Cloning-P3/IMG/right_2020_01_07_23_18_50_568.jpg, 1, 0, 0, 0.05973718
/Users/Luke_MacBook/Downloads/CarND-Behavioral-Cloning-P3/IMG/center_2020_01_07_23_18_50_674.jpg, /Users/Luke_MacBook/Downloads/CarND-Behavioral-Cloning-P3/IMG/left_2020_01_07_23_18_50_674.jpg, /Users/Luke_MacBook/Downloads/CarND-Behavioral-Cloning-P3/IMG/right_2020_01_07_23_18_50_674.jpg, 0.6786971, 0, 0, 0.0321308
